batch,position,company_name
1,1,"Awdurdod Cyllid Cymru | Welsh Revenue Authority"
1,2,"Seven League"
1,3,"Medr"
1,4,"Hampton By Hilton Manchester City, Northern Quarter"
1,5,"SIGNET JEWELERS BRANDS LIMITED"
1,6,"Barclays Innovation Hub powered by Eagle Labs"
1,7,"HDR | Andrew Reid"
1,8,"Hilton London Tower Bridge"
1,9,"Hyaltech Ltd, a CZM AG company"
1,10,"DoubleTree by Hilton Manchester Airport"
1,11,"Hilton Garden Inn London Heathrow"
1,12,"Milltown Partners"
1,13,"Conrad London St. James"
1,14,"Glasgow Westerwood Hotel, Spa & Golf Resort"
1,15,"Hilton Leeds City"
1,16,"ADS Group Ltd"
1,17,"Gwasanaeth Ynni Llywodraeth Cymru | Welsh Government Energy Service"
1,18,"Greenberg Traurig London"
1,19,"Hilton Cardiff"
1,20,"Hilton London Watford"
1,21,"Principal. Global Events"
1,22,"Canopy by Hilton London City Hotel"
1,23,"McCann London"
1,24,"Brsk"
1,25,"The Bartlett School of Architecture, UCL"
2,1,"Hult Ashridge Executive Education"
2,2,"Munich Re Specialty - Global Markets, UK"
2,3,"Cath Kidston"
2,4,"Blueprint Gaming Ltd."
2,5,"Aspectus Group"
2,6,"Kingston School of Art"
2,7,"OCS Consulting"
2,8,"University of Bristol Business School"
2,9,"Audacia"
2,10,"Gateway Communications"
2,11,"Vizlib - insightsoftware"
2,12,"Brunswick Investor Brand"
2,13,"Trilogy International, A Korn Ferry Company"
2,14,"Privitar"
2,15,"Thunderhead, by Medallia"
2,16,"FutureGov NOW TPXimpact"
2,17,"Revantage UK, A Blackstone Portfolio Company"
2,18,"Raft"
2,19,"Citizens UK"
2,20,"CVC Secondary Partners"
2,21,"Fuller Research Group"
2,22,"Xl Capital Ltd"
2,23,"berg - merged with Kennedys"
2,24,"Playtech Neon"
2,25,"The Manchester Deansgate Hotel, by IHG"
3,1,"Trumeter"
3,2,"Hyatt Hotels Manchester"
3,3,"Preact"
3,4,"Manchester Institute of Health & Performance - Nuffield Health"
3,5,"MRC-University of Glasgow Centre for Virus Research (CVR)"
3,6,"Mediation Clinic at University of Strathclyde"
3,7,"Wind & Marine Energy Systems & Structures CDT"
3,8,"Department of Work, Employment and Organisation"
3,9,"University of Glasgow School of Law"
3,10,"Hilton Garden Inn, Glasgow"
3,11,"Department of Physics, University of Strathclyde"
3,12,"Department of Civil & Environmental Engineering, University of Strathclyde"
3,13,"Institute of Molecular, Cell and Systems Biology - University of Glasgow"
3,14,"Strathclyde Law School"
3,15,"Hunter Centre for Entrepreneurship, Strategy, and Innovation, Strathclyde Business School"
3,16,"Glasgow University Women's Hockey Club"
3,17,"Strathclyde Institute of Education"
3,18,"Department of Design, Manufacturing and Engineering Management, University of Strathclyde"
3,19,"The Hunterian"
3,20,"University of Glasgow - Hospitality & Events"
3,21,"GALLANT"
3,22,"Glasgow Marriott Hotel"
3,23,"Strathclyde Chemical & Process Engineering"
3,24,"University of Glasgow Lacrosse Club"
3,25,"University of Glasgow Sport"
4,1,"West Midlands Health Tech Innovation Accelerator - WMHTIA"
4,2,"Aloft Birmingham Eastside"
4,3,"Hilton Garden Inn Birmingham, Brindleyplace"
4,4,"Greenhouse Communications"
4,5,"UWE Bristol Sport"
4,6,"Nuffield Health Bristol Hospital"
4,7,"Smart Internet Lab"
4,8,"Analytics, Technology and Operations Department, Leeds University Business School"
4,9,"School of Built Environment, Engineering and Computing @ Leeds Beckett University"
4,10,"Nutrition and Dietetics - Leeds Beckett University"
4,11,"We are Vista - Communications Agency"
4,12,"AKER OFFSHORE PARTNER LIMITED"
4,13,"Beckett Sport"
4,14,"RAM Tracking"
4,15,"Hyatt Place & Hyatt House Leeds"
4,16,"PECAN DELUXE CANDY (EUROPE) LIMITED"
4,17,"Leeds Marriott Hotel"
4,18,"Hilton Edinburgh Carlton"
4,19,"Clifton Hall School"
4,20,"The Edinburgh Grand, a Luxury Collection Hotel, Edinburgh"
4,21,"IndigoVision"
4,22,"Institute of Occupational Medicine (IOM)"
4,23,"Self-Employed / Contractor"
4,24,"Edinburgh Marriott Hotel Holyrood"
4,25,"Institute for Global Food Security"
5,1,"Photonic Integration and Advanced Data Storage Centre for Doctoral Training"
5,2,"CSIT"
5,3,"Centre for Wireless Innovation (CWI) | Queen's University Belfast"
5,4,"Queen's Accommodation"
5,5,"Pixel Power | An Imagine Communications Company"
5,6,"RAND Europe"
5,7,"Hilton Cambridge City Centre"
5,8,"SUERC: Centre for the Isotope Sciences"
5,9,"University of Glasgow, School of Social & Environmental Sustainability"
5,10,"Hampton by Hilton Hamilton Park"
5,11,"Axis-Shield Diagnostics"
5,12,"8over8"
5,13,"Nautilus Trust"
5,14,"University of Birmingham | Business Engagement"
5,15,"Health Economics Unit, Birmingham"
5,16,"University of Birmingham Law School"
5,17,"School of Medical Sciences, University of Birmingham"
5,18,"M3.agency"
5,19,"CHH"
5,20,"CRM"
5,21,"School of Infection, Inflammation and Immunology, University of Birmingham"
5,22,"School of Sport, Exercise and Rehabilitation Sciences"
5,23,"School of Chemistry, University of Birmingham"
5,24,"Public Health Institute, Liverpool John Moores University"
5,25,"DoubleTree by Hilton Hotel & Spa Liverpool"
6,1,"Hard Days Night Hotel"
6,2,"WOOLWORTHS HOLDINGS LIMITED"
6,3,"School of Pharmacy and Biomolecular Sciences at Liverpool John Moores University"
6,4,"Nottingham Law School"
6,5,"Red Box (Now part of Uniphore)"
6,6,"Hilton Southampton - Utilita Bowl"
6,7,"City Networks"
6,8,"DoubleTree by Hilton Coventry"
6,9,"Hampton By Hilton Bath City"
6,10,"DoubleTree by Hilton Bath"
6,11,"Truespeed"
6,12,"Nuffield Health, Exeter Hospital"
6,13,"Epson UK & I"
6,14,"DoubleTree by Hilton London Elstree"
6,15,"Hilton York"
6,16,"Hampton by Hilton York Piccadilly"
6,17,"Durham University Department of Chemistry"
6,18,"Durham University Department of Earth Sciences"
6,19,"University of Durham, St John's College"
6,20,"Van Mildert College"
6,21,"Durham Law School"
6,22,"Institute for Medical Humanities, Durham University"
6,23,"Durham University Computer Science"
6,24,"Durham University Department of English Studies"
6,25,"Durham University Water Polo Club"
7,1,"Durham Geography"
7,2,"Durham University Department of Engineering"
7,3,"Durham University Department of Archaeology"
7,4,"Norwich Bioscience Institutes (NBI) Partnership"
7,5,"FAIRSTEAD PROPERTY MANAGEMENT LIMITED"
7,6,"University of Derby - Health, Lifestyle & Rehabilitation Centre"
7,7,"University of Derby - Business Services"
7,8,"DB ESG"
7,9,"Madgex: A Wiley Brand"
7,10,"Surrey Business School, University of Surrey"
7,11,"Lakeside Restaurant and Coffee Shop"
7,12,"Centre for Vision, Speech and Signal Processing at University of Surrey"
7,13,"Criterion Games"
7,14,"ORIDA Hotels Maidstone"
7,15,"GA Solicitors"
7,16,"IMG Media"
7,17,"Belfast City Council"
7,18,"Llywodraeth Cymru / Welsh Government"
7,19,"Time Inc. UK"
7,20,"IMG Studios"
7,21,"Barclaycard"
7,22,"Prifysgol Aberystwyth University"
7,23,"Esri UK"
7,24,"Thomas Miller"
7,25,"Health Management"
8,1,"Servaada - a Wipro Company"
8,2,"Air Products UKI"
8,3,"Universal International Studios"
8,4,"GALLAGHERS LIMITED"
8,5,"Coca-Cola Europacific Partners"
8,6,"Christie's"
8,7,"WHISHWORKS is now Coforge"
8,8,"Hilton Newcastle Tyne Bridge"
8,9,"Blue Chip Data Systems (now part of GCI)"
8,10,"BCDE"
8,11,"Pentair"
8,12,"Flight Refuelling Ltd"
8,13,"Cobra Biologics, A Charles River Company"
8,14,"Pizza Hut UK & Europe"
8,15,"Kleinwort Hambros"
8,16,"Hilton London Kensington"
8,17,"Leeds University Business School"
8,18,"Hilton London Paddington"
8,19,"4C"
8,20,"JMAN Group"
8,21,"Romax Technology"
8,22,"Hurley Palmer Flatt"
8,23,"Hilton London Canary Wharf"
8,24,"The Biltmore Mayfair"
8,25,"hybytes"
9,1,"Hilton London Syon Park"
9,2,"HDR | Hurley Palmer Flatt Group"
9,3,"WM Reply"
9,4,"Northeastern University London"
9,5,"MD Group"
9,6,"VaynerMedia EMEA"
9,7,"Milwaukee Tool UK"
9,8,"Tangible Benefit - A Bechtle Group Company"
9,9,"Multiplay"
9,10,"The Chelsea Harbour Hotel & Spa"
9,11,"DoubleTree by Hilton London Kensington"
9,12,"LIV Golf"
9,13,"Mint Group"
9,14,"AEGIS London"
9,15,"Paymentsense"
9,16,"Gerald Group"
9,17,"St. Pancras London"
9,18,"Xuber"
9,19,"Acrisure London Wholesale"
9,20,"Cartesian"
9,21,"M&G Real Estate"
9,22,"Bimbo UK"
9,23,"Qube Global Software"
9,24,"Imperial College Computing"
9,25,"Process Systems Enterprise (PSE)"
10,1,"DrayTek UK & Ireland"
10,2,"ITV News"
10,3,"Kocho"
10,4,"Codurance"
10,5,"Intelstack"
10,6,"Manager AI"
10,7,"Venda"
10,8,"Objectivity is now Accenture"
10,9,"Wavenet Connected"
10,10,"Goodtill by SumUp"
10,11,"Sparks EMEA"
10,12,"DoubleTree by Hilton London - Tower of London"
10,13,"Andaz London Liverpool Street"
10,14,"Code Worldwide"
10,15,"The Mill"
10,16,"SolidWorks Designer"
10,17,"FCB Health London | An IPG Health Company"
10,18,"Karmarama"
10,19,"BCS Consulting, part of Accenture"
10,20,"UCL Computer Science"
10,21,"UCL Institute of Ophthalmology"
10,22,"Mansion House Reply"
10,23,"Nextgen Clearing Ltd"
10,24,"Calastone"
10,25,"Maven Securities"
11,1,"STM Group"
11,2,"Friends Life"
11,3,"Institute of Global Health Innovation"
11,4,"Nordson Test & Inspection"
11,5,"Birmingham Business School"
11,6,"Local Policy Innovation Partnership (LPIP) Hub"
11,7,"Birmingham Centre for Neurogenetics"
11,8,"School of Psychology, University of Birmingham"
11,9,"INLOGOV (The Institute of Local Government Studies)"
11,10,"Healthcare Technologies Institute"
11,11,"Dura Automotive Body & Glass Systems UK Limited"
11,12,"Xalient"
11,13,"Leeds School of Arts, Leeds Beckett University"
11,14,"Nuffield Health Leeds Hospital"
11,15,"Global Food and Environment Institute, University of Leeds"
11,16,"The Bragg Centre for Materials Research"
11,17,"Glide Fibre Ltd"
11,18,"M247UK"
11,19,"Manchester Marriott Hotel Piccadilly"
11,20,"Delta Hotels by Marriott Worsley Park Country Club"
11,21,"IBM Symatrix"
11,22,"WEX Europe Services Limited"
11,23,"Dean Wood"
11,24,"Inspired Global Cuisine"
11,25,"Ascent Performance Group Ltd"
12,1,"ClearCloud"
12,2,"UWE Bristol's International College"
12,3,"Intertek Melbourn"
12,4,"Papworth Trust"
12,5,"Nuffield Health The Manor Hospital"
12,6,"AllPoints Fibre Networks"
12,7,"Atex"
12,8,"LJMU Faculty of Engineering and Technology"
12,9,"Nuffield Health Leicester Hospital"
12,10,"Team Durham"
12,11,"Durham University Department of Mathematical Sciences"
12,12,"Durham University Business School"
12,13,"Turcan Connell"
12,14,"Maclay Murray & Spens LLP"
12,15,"University of Glasgow School of Health and Wellbeing"
12,16,"IES Ltd."
12,17,"Help to Grow: Management at Strathclyde Business School"
12,18,"University of Glasgow Advanced Research Centre"
12,19,"Hampton by Hilton Belfast City Centre"
12,20,"School of Pharmacy at Queen's University Belfast"
12,21,"Queen's Student Managed Fund"
12,22,"Kingfisher Country Estate"
12,23,"Momentum One Zero"
12,24,"Wellcome-Wolfson Institute for Experimental Medicine"
12,25,"MacLean International Group, a DNOW Company"
13,1,"IDBS"
13,2,"Motion Applied"
13,3,"M&G Wealth Platform"
13,4,"toob"
13,5,"NNUH Digital Health"
13,6,"NIQ Brandbank"
13,7,"Arrow Security Solutions"
13,8,"DoubleTree by Hilton London Angel Kings Cross"
13,9,"Cobham"
13,10,"Arrow ECS United Kingdom"
13,11,"Crystal Travel"
13,12,"London Hilton On Park Lane"
13,13,"Lumesse"
13,14,"GCI"
13,15,"Hilton London Bankside"
13,16,"Royal Veterinary College"
13,17,"European Bioinformatics Institute | EMBL-EBI"
13,18,"Kingsley Napley"
13,19,"Hudl Statsbomb"
13,20,"EY Lane4"
13,21,"Nuffield Health Parkside Hospital"
13,22,"Alternative Networks (now part of Daisy Group)"
13,23,"Diodes Incorported"
13,24,"Queen's University Belfast | School of Mathematics and Physics"
13,25,"Avance Consulting"
14,1,"VCCP"
14,2,"Tesco Media"
14,3,"UCL Dept of Civil, Environmental & Geomatic Engineering"
14,4,"Spark44"
14,5,"Unruly"
14,6,"Agribusiness intelligence | IHS Markit"
14,7,"Markit"
14,8,"Macro"
14,9,"Gravity Global"
14,10,"Eutelsat OneWeb"
14,11,"Hyatt Regency London - The Churchill"
14,12,"Lower Thames Crossing"
14,13,"EKOS Corporation, a BTG International group company"
14,14,"NEXT Wholly Owned Brands"
14,15,"CCF"
14,16,"Arbonne Polska"
14,17,"Anritsu - Product Inspection & Detection (EMEA)"
14,18,"HSB | UK and Ireland"
14,19,"ANS Group"
14,20,"MaNOC Ltd."
14,21,"Mobica"
14,22,"McCANN Leeds"
14,23,"SMA"
14,24,"University of Glasgow Adam Smith Business School"
14,25,"University of Glasgow School of Education"
15,1,"University of Glasgow, College of Arts & Humanities"
15,2,"University of Glasgow, College of Social Sciences"
15,3,"University of Strathclyde - Humanities & Social Sciences"
15,4,"Department of Naval Architecture, Ocean and Marine Engineering, University of Strathclyde"
15,5,"University of Glasgow School of Infection & Immunity"
15,6,"InterGen"
15,7,"Penumbra Mental Health"
15,8,"LiGTest"
15,9,"Oldham Council"
15,10,"Tate & Lyle"
15,11,"Transitions Optical"
15,12,"Durham University"
15,13,"University of Surrey"
15,14,"University of Strathclyde"
15,15,"Ashurst"
15,16,"RELX"
15,17,"Dialectica"
15,18,"Liverpool John Moores University"
15,19,"Canonical"
15,20,"Lloyd's"
15,21,"Northern Powergrid"
15,22,"Brunswick Group"
15,23,"Cambridge English"
15,24,"CFC"
15,25,"Tribal Group"
16,1,"GlobalData Healthcare"
16,2,"M&G for Advisers"
16,3,"WPP Brand Consulting"
16,4,"SumUp"
16,5,"Euromonitor International"
16,6,"Taylor Wessing"
16,7,"Mishcon de Reya LLP"
16,8,"Tesco Technology"
16,9,"Clarion Events"
16,10,"IG"
16,11,"UCL Bartlett Faculty of the Built Environment"
16,12,"Dialog Solutions (now Clarivate)"
16,13,"Enclude: A Palladium Company"
16,14,"Queen's University Belfast"
16,15,"Hunter Macdonald Ltd"
16,16,"Stephenson College"
16,17,"James Watt School of Engineering, University of Glasgow"
16,18,"Nuffield Health Glasgow Hospital"
16,19,"Centre for Sustainable Development"
16,20,"University of Glasgow, College of Medical, Veterinary and Life Sciences"
16,21,"Liverpool Business School"
16,22,"LJMU Doctoral Academy"
16,23,"LJMU School of Humanities and Social Science"
16,24,"LJMU Student Futures"
16,25,"McBride"
17,1,"BLM"
17,2,"Intertek Pharmaceutical Services"
17,3,"Aston University"
17,4,"National Highways"
17,5,"The Knowledge Exchange (TKE) at Leeds Beckett University"
17,6,"The Retail Institute"
17,7,"Farnell Electronics"
17,8,"Principality Building Society"
17,9,"Instinctive BI (now Version 1)"
17,10,"University of Bristol"
17,11,"University of the West of England"
17,12,"GlobalData Consumer"
17,13,"Automation Logic (now Version 1)"
17,14,"GlobalData Plc"
17,15,"Portaltech Reply"
17,16,"FSI, an MRI Software Company"
17,17,"Cadis Software"
17,18,"Info-Tech Research Group"
17,19,"Bureau van Dijk - A Moody's Company"
17,20,"GlobalData Retail"
17,21,"Boldyn Networks"
17,22,"GlobalData Technology"
17,23,"GlobalData Strategic Intelligence"
17,24,"Independent Clinical Services"
17,25,"dunnhumby"
18,1,"The Qubix Group (Now Version 1)"
18,2,"Linklaters"
18,3,"Baringa"
18,4,"Fjord, Part of Accenture Song"
18,5,"BSI"
18,6,"AlphaSights"
18,7,"Tribal Worldwide"
18,8,"McCann Worldgroup UK & Europe"
18,9,"HH Global"
18,10,"Akin Gump Strauss Hauer & Feld LLP"
18,11,"CACI Ltd"
18,12,"InnerWorkings"
18,13,"Partner Property Consultants"
18,14,"Zone"
18,15,"Financial Conduct Authority"
18,16,"Royal London"
18,17,"DeltaOne Solutions, by MARKIT"
18,18,"Saxo UK"
18,19,"Third Bridge Group"
18,20,"Kennedys"
18,21,"Tokio Marine HCC International"
18,22,"M&G Investments"
18,23,"Stifel Europe"
18,24,"Beazley"
18,25,"Gallagher Re"
19,1,"Encore Capital LLP"
19,2,"Imperial College Business School"
19,3,"City Lit"
19,4,"Greenwich Business School"
19,5,"Kingston University"
19,6,"BSI Training Academy"
19,7,"Shangri-La The Shard, London"
19,8,"Deliveroo"
19,9,"Abercrombie & Kent Destination Management"
19,10,"Bristol Myers Squibb UK & Ireland"
19,11,"Urban Outfitters Europe"
19,12,"Jimmy Choo"
19,13,"Save the Children UK"
19,14,"University of Leeds"
19,15,"SDL"
19,16,"Fidelity International"
19,17,"Clyde & Co"
19,18,"Mindshare"
19,19,"Zenith"
19,20,"Anglian Water Services"
19,21,"AWE"
19,22,"IMI Industrial Automation"
19,23,"Advania UK"
19,24,"Clydesdale Bank"
19,25,"Hotels AI"
20,1,"new"
20,2,"Small Animal Hospital Glasgow"
20,3,"University of Glasgow Student Enterprise"
20,4,"Business App Developer"
20,5,"DLA Piper"
20,6,"Mastek"
20,7,"Schroders"
20,8,"Acacium Group"
20,9,"Kin + Carta"
20,10,"Dragonfly from Dow Jones"
20,11,"Hitachi Consulting ( formerly Information Management Group)"
20,12,"Schroders Investment Trusts, UK"
20,13,"FinTech Foundry"
20,14,"Primetals Technologies"
20,15,"Capco"
20,16,"Lewisham Council"
20,17,"Hitachi Consulting (formerly Celerant Consulting)"
20,18,"SANTANDER ASSET FINANCE PLC"
20,19,"Blockchain.com"
20,20,"Friends Provident"
20,21,"GFT Financial Limited"
20,22,"Acuity Analytics"
20,23,"University of Glasgow"
20,24,"School of Chemistry University of Glasgow"
20,25,"ScottishPower"
21,1,"Strathclyde University - Department of Architecture"
21,2,"University of Glasgow School of Geographical and Earth Sciences"
21,3,"SCC"
21,4,"Birmingham Energy Institute"
21,5,"HEFi (Higher Education Futures institute)"
21,6,"University of Birmingham"
21,7,"AVEVA"
21,8,"IQVIA NLP"
21,9,"Planning at Queen's University Belfast"
21,10,"Queen's University Belfast | School of Electronics, Electrical Engineering & Computer Science EEECS"
21,11,"Queen's University Belfast | School of Natural and Built Environment"
21,12,"Queen's University Belfast | Faculty of Engineering and Physical Sciences"
21,13,"Reuters News Agency"
21,14,"MSCI Carbon Markets"
21,15,"Financial Times"
21,16,"Gobeyond Partners"
21,17,"Mace"
21,18,"Clifford Chance"
21,19,"ICAP"
21,20,"ScanSafe"
21,21,"CVS Caremark"
21,22,"TJX Europe"
21,23,"DoubleTree by Hilton Leeds"
21,24,"The Salvation Army, International Headquarters"
21,25,"Hilton Careers UK&I"
22,1,"ZEISS Vision"
22,2,"Lloyds Banking Group"
22,3,"Johnson & Johnson Innovative Medicine"
22,4,"Fife Council"
22,5,"Galaxy Entertainment Group"
22,6,"Halifax"
22,7,"EY Private Client Services"
22,8,"RDC"
22,9,"Stackhouse Poland"
22,10,"Gallagher UK"
22,11,"Pharmaron Radiolabelled Sciences"
22,12,"Motion Control - UK"
22,13,"Edesix"
22,14,"Asda Logistics Services"
22,15,"Tetra Tech Europe"
22,16,"Leeds Beckett University"
22,17,"Asda"
22,18,"Legends Global (Europe)"
22,19,"Siemens Electrical Products GB&I"
22,20,"MoveWell - University of Birmingham"
22,21,"Delcam"
22,22,"The Binding Site"
22,23,"Veolia Transport"
22,24,"Olivehorse Consulting"
22,25,"University of Glasgow School of Computing Science"
23,1,"School of Mathematics & Statistics, University of Glasgow"
23,2,"University of Glasgow, School of Physics and Astronomy"
23,3,"Nuffield Health Cardiff & Vale Hospitals"
23,4,"University of Cambridge"
23,5,"Cambridge University Press & Assessment"
23,6,"HSBC"
23,7,"Unilever"
23,8,"BAE Systems"
23,9,"Shell"
23,10,"EY"
23,11,"LEGION"
23,12,"Dart Developer"
23,13,"The Leading Edge"
23,14,"Cloud Security Provider"
23,15,"Windows App Developer"
23,16,"Aecus Limited"
23,17,"VCCP Health"
23,18,"NFOSYS LTD"
23,19,"Gower Limited"
23,20,"FinTech Connect"
23,21,"PELHAM CAPITAL LTD"
23,22,"Optal - a WEX company"
23,23,"Trucost"
23,24,"Quorsus - Part of Capgemini"
23,25,"Wealth AI"
24,1,"The Route - City wealth club"
24,2,"DueDil (now FullCircl)"
24,3,"THOMAS MILLER P&I LTD"
24,4,"Angel Investor"
24,5,"InsurTech Lab"
24,6,"Frank Hirth"
24,7,"RSA INVESTMENTS LTD"
24,8,"The Bartlett Development Planning Unit, UCL"
24,9,"Employability & Apprenticeships - University of Greenwich"
24,10,"Pearson"
24,11,"Education Industry"
24,12,"School of Convergence Science, Imperial College London"
24,13,"UCL"
24,14,"Imperial College London"
24,15,"EF Executive Language Institute"
24,16,"Just IT"
24,17,"UCL Global Business School for Health"
24,18,"The Bartlett School of Sustainable Construction UCL"
24,19,"Kingston Business School"
24,20,"DLA Piper's Global Scholarship Program"
24,21,"Berlitz London"
24,22,"British Council"
24,23,"Guy's and St Thomas' NHS Foundation Trust"
24,24,"Nuffield Health"
24,25,"DaVita International"
25,1,"DLOC Biosystems"
25,2,"Animal Aspirations"
25,3,"GLAMOROUS.AI"
25,4,"BSI GROUP LIMITED"
25,5,"Habitual"
25,6,"Centre for Genome Engineering and Maintenance, Brunel University of London"
25,7,"The Derby London City, Curio Collection by Hilton"
25,8,"CCW Executive Exchange"
25,9,"State"
25,10,"London Startup Network"
25,11,"The Cumberland Hotel"
25,12,"Aloft London Excel"
25,13,"Lutron Europe"
25,14,"Invensys - Acquired by Schneider Electric"
25,15,"PharmaReview Ltd"
25,16,"Coats"
25,17,"BAE Systems Air"
25,18,"Energy Response"
25,19,"GSK"
25,20,"Johnson Matthey"
25,21,"Rexam PLC"
25,22,"HSYSTEM LTD"
25,23,"ERDEM"
25,24,"Dija (now Gopuff)"
25,25,"Octopus Electric Vehicles"
26,1,"THE GROCERY SHOP LIMITED"
26,2,"CHANEL"
26,3,"LVMH Fashion Group UK"
26,4,"Westfield Stratford City"
26,5,"Lipsy London"
26,6,"Fashion & Art Magazine"
26,7,"Optimum Nutrition"
26,8,"ICF Consulting Services"
26,9,"GovTech"
26,10,"Lewisham Council Housing Services"
26,11,"Young Entrepreneurs"
26,12,"World Vision"
26,13,"London Professional Network"
26,14,"Brunel Volunteers"
26,15,"UNLEASH"
26,16,"CDP"
26,17,"Freemasons"
26,18,"Blue Trotter Media Ltd"
26,19,"5K Records Limited"
26,20,"Snap Fitness EMEA"
26,21,"Playtech"
26,22,"NFL UK & Ireland"
26,23,"Little Games"
26,24,"IGT"
26,25,"Moonbug Entertainment"
27,1,"KingMakers"
27,2,"ETON ASSOCIATES"
27,3,"ATKINS ENGINEERING LIMITED"
27,4,"MaceTPM"
27,5,"EnBW Generation UK"
27,6,"Urenco Global"
27,7,"National Grid"
27,8,"Shell Energy"
27,9,"AC Hotel by Marriott Manchester Salford Quays"
27,10,"no page"
27,11,"UKFast"
27,12,"COLLIER INTERNATIONAL LIMITED"
27,13,"IBN-SINA PHARMA LIMITED"
27,14,"University of Birmingham Enterprise"
27,15,"Science 2 Industry - A new partnership between the STFC, The MTC and the University of Birmingham"
27,16,"University of Birmingham Economics Society (BECS)"
27,17,"Birmingham Institute for Sustainability and Climate Action"
27,18,"BactiVac"
27,19,"Edward Cadbury Centre"
27,20,"Birmingham Energy Materials Group"
27,21,"BhamXR"
27,22,"Health Services Management Centre (HSMC)"
27,23,"Leeds Law School"
27,24,"THE ASDA FOUNDATION"
27,25,"Leeds Beckett University Football Club"
28,1,"Nuffield Centre for International Health and Development"
28,2,"Carnegie Centre of Excellence for Mental Health in Schools"
28,3,"Evans Easyspace Ltd"
28,4,"Leeds Sustainability Institute"
28,5,"Beckett Careers"
28,6,"ADITI TEC LTD"
28,7,"University of Glasgow, Student Learning Development"
28,8,"HealthTech Innovation & Translation Lab"
28,9,"Research Culture and Researcher Development at the University of Glasgow"
28,10,"AMRL"
28,11,"Applied Space Technology Laboratory"
28,12,"Glasgow University Netball Club"
28,13,"Living Laboratory"
28,14,"Education for Sustainable Futures MSc / University of Glasgow"
28,15,"Aloft by Marriott Belfast, Titanic Quarter"
28,16,"HPN - High Performance Networks"
28,17,"Future Medicines Institute"
28,18,"Neueda"
28,19,"QUB Centre for Technological Innovation, Mental Health and Education (TIME)"
28,20,"IW Group Services (UK) Limited"
28,21,"W2 (now nCino)"
28,22,"Aspire Systems - Cardiff Office"
28,23,"Protein Data Bank in Europe (PDBe)"
28,24,"University of Cambridge Investment Management Limited"
28,25,"Brunel Composites Centre (BCC)"
29,1,"PEARSON DIGITAL LIMITED"
29,2,"Active Building"
29,3,"Bristol Centre for Supercomputing (BriCS)"
29,4,"Hampton by Hilton Bristol Airport"
29,5,"University of Bristol Law Clinic"
29,6,"CARE FUSION LIMITED"
29,7,"OVO ENERGY LTD"
29,8,"Nuffield Health Edinburgh Hospital"
29,9,"Coherent Systems Limited"
29,10,"Hampton by Hilton Edinburgh West End"
29,11,"CLOUD SECURITY ALLIANCE (EUROPE)"
29,12,"CURO"
29,13,"DoubleTree by Hilton Edinburgh Airport"
29,14,"Parenting for Lifelong Health"
29,15,"Opera software"
29,16,"ADITI IT SOLUTIONS LIMITED"
29,17,"Hampton by Hilton Sheffield"
29,18,"Idaq Limited"
29,19,"GCPS Consulting"
29,20,"Lightwork Design (now part of Siemens Industry Software)"
29,21,"Delicious Alchemy Wellbeing Ltd."
29,22,"technologi Worldwide Limited"
29,23,"Johnson Controls Global Marine & Navy"
29,24,"Scale Space Nottingham"
29,25,"DoubleTree by Hilton Nottingham - Gateway Hotel"
30,1,"BA (Hons) Fashion Marketing and Branding (Nottingham Trent University)"
30,2,"Hilltop Financial Planning"
30,3,"THE NATURE'S BOUNTY CO. LTD."
30,4,"City-REDI, University of Birmingham"
30,5,"Liberal Arts and Natural Sciences at the University of Birmingham"
30,6,"Birmingham BabyLab"
30,7,"WMREDI, University of Birmingham"
30,8,"CHASM - Centre on Household Assets and Savings Management"
30,9,"Birmingham Widening Access to Medical Sciences"
30,10,"Birmingham Tissue Analytics"
30,11,"Microwave Integrated Systems Laboratory (MISL)"
30,12,"Extreme Robotics Lab"
30,13,"Ecosystems IT Ltd"
30,14,"ClickIQ"
30,15,"INEED NETWORKING TOGETHER LIMITED"
30,16,"Daisy Group"
30,17,"School of Chemistry, UNSW Sydney"
30,18,"Brunel Law School"
30,19,"Department of Sport, Health and Exercise Sciences - Brunel University of London"
30,20,"School of Computing and Engineering"
30,21,"Hilton Garden Inn Silverstone"
30,22,"MY BOOKKEEPERS LTD"
30,23,"Fordham"
30,24,"TSYS Managed Services EMEA"
30,25,"Tunstall Healthcare (UK)"
31,1,"Patient Connect"
31,2,"Nuffield Health Tunbridge Wells Hospital"
31,3,"Nuffield Health Ipswich Hospital"
31,4,"Nuffield Health Woking Hospital"
31,5,"Nuffield Health Bournemouth Hospital"
31,6,"Retrogenix | A Charles River Company"
31,7,"Nuffield Health The Holly Hospital"
31,8,"Nuffield Health Brentwood Hospital"
31,9,"Electron Microscopy Suite at The Open University"
31,10,"Centre for Natural Products Discovery (CNPD)"
31,11,"Durham CELLS"
31,12,"Hydratight"
31,13,"Conekt - UK"
31,14,"WINCOR NIXDORF LTD"
31,15,"Smurfit Westrock Chelmsford"
31,16,"Safe Obstetric Systems"
31,17,"Rotork"
31,18,"First Grade International"
31,19,"PNN INVESTMENTS LTD"
31,20,"Tesco"
31,21,"Next"
31,22,"Howdens Joinery Brunswick"
31,23,"Box"
31,24,"ML AND COMPANY LIMITED"
31,25,"Next PLC (NXG)"
32,1,"D'Addario Europe Ltd"
32,2,"HDR | Bradbrook Consulting"
32,3,"ROOFING MAINTENANCE SERVICES LIMITED"
32,4,"Connect Plus"
32,5,"H & C CONTRACTS LIMITED"
32,6,"Cool Systems Air Conditioning Limited"
32,7,"Mayer Brown Ltd"
32,8,"BCS Group"
32,9,"Marshalls Civils & Drainage"
32,10,"Naz Construction Ltd"
32,11,"E.J.Taylor & Sons Ltd"
32,12,"ASHLANE GROUP LIMITED"
32,13,"Solihull Metropolitan Borough Council"
32,14,"Maidstone Borough Council"
32,15,"Canterbury City Council"
32,16,"NHSE and DHSC Student Analyst Undergraduate Placement Scheme"
32,17,"East Sussex County Council"
32,18,"MOLLY MAID"
32,19,"Guernsey Kidney Patients Association"
32,20,"Endeavor Ireland"
32,21,"Durham University Centre for Research into Violence and Abuse (CRiVA)"
32,22,"University of Birmingham MathSoc"
32,23,"UK Universities Climate Network"
32,24,"Sport at Staffs"
32,25,"Snap Fitness Market Harborough"
33,1,"The Rank Group plc"
33,2,"The Stars Group"
33,3,"Snap Fitness Ilkeston"
33,4,"Nuffield Health Fitness & Wellbeing - Chester"
33,5,"The Fitness Centre at Durham University"
33,6,"Lapworth Museum of Geology"
33,7,"Durham University Basketball Club"
33,8,"THE OLD SCHOOL LIMITED"
33,9,"The Trilogy Studio"
33,10,"Ecotricity"
33,11,"Electricity Alliance West"
33,12,"Mainlight Ltd"
33,13,"ista Energy UK"
33,14,"GTC"
33,15,"Biogen (UK) Ltd"
33,16,"National Gas Metering"
33,17,"Pedagogy and Education Research Unit, School of Psychology & Neuroscience"
33,18,"Oral Sciences Research Group"
33,19,"Young Strathclyder Programme"
33,20,"Managing Art & Cultural Heritage in Global Markets"
33,21,"Glasgow Centre for Sustainable Energy"
33,22,"The Strathclyde Institute for Sustainable Communities (SISC)"
33,23,"Maritime Safety Research Centre - University of Strathclyde"
33,24,"University of Glasgow, Materials and Condensed Matter Physics Group"
33,25,"SOLSPACE"
34,1,"Centre for Medical and Industrial Ultrasonics (C-MIU)"
34,2,"HEHTA University of Glasgow"
34,3,"James Weir Fluids Laboratory"
34,4,"Leviton Network Solutions Europe"
34,5,"Tag Games, a Scopely Studio"
34,6,"Aerospace Centre of Excellence"
34,7,"HATII at the University of Glasgow"
34,8,"TIC Conferences, Meetings & Events"
34,9,"TH PROJECTS LTD"
34,10,"Tesco Insurance and Money Services"
34,11,"Tweed Financial Planning ltd"
34,12,"Scottish Widows Investment Partnership"
34,13,"Schroder Uk Mid Cap Fund Plc"
34,14,"Glasgow Computational Engineering Centre"
34,15,"Signal of Glasgow"
34,16,"Glasgow University Environmental Sustainability Team"
34,17,"Samtaler (The Social Value Agency)"
34,18,"MITSUBISHI ELECTRIC AIR CONDITIONING SYSTEMS EUROPE LTD."
34,19,"Critical Technologies Accelerator"
34,20,"ANDRITZ Hydro Hammerfest"
34,21,"Bangor University"
34,22,"Newport Youth Academy"
34,23,"Newport City Council"
34,24,"NCE Group"
34,25,"Anchor Computer Systems Ltd"
35,1,"Oyster Bay Systems Limited"
35,2,"Animal Friends"
35,3,"Chartered Banker Institute"
35,4,"BURLINGTON FABRICS LIMITED"
35,5,"PROTHERICS UK LIMITED"
35,6,"Food and Drink Wales Industry Board"
